[
  {
    "name": "acolyte",
    "additional_language" : 2,
    "skills": [
      {
        "name": "intuition",
        "link": "/backgrounds/skills"
      },

      {
        "name": "religion",
        "link": "/backgrounds/skills"
      }
    ],
    "ability": "En tant qu’acolyte, vous imposez le respect à ceux qui partagent votre foi, et pouvez mener les cérémonies religieuses de votre divinité. Vous et vos compagnons aventuriers pouvez vous attendre à recevoir des soins gratuits dans un temple, un sanctuaire ou toute autre présence établie de votre foi, bien que vous soyez responsable de fournir toutes les composantes matérielles nécessaires aux sorts. Ceux qui partagent votre religion vous aideront (mais seulement vous) et vous offriront un mode de vie modeste. Vous pouvez également avoir des liens avec un temple spécifique dédié à votre divinité ou votre panthéon, et vous y avez une résidence. Cela pourrait être le temple où vous avez servi, si vous êtes resté en bons termes avec lui, ou un temple dans lequel vous avez trouvé une nouvelle maison. Lorsque vous êtes proche de votre temple, vous pouvez faire appel à des religieux pour vous aider, à condition que l’aide que vous demandiez ne soit pas dangereuse et que vous restiez en règle avec votre temple."
  },

  {
    "name": "criminel",
    "skills": [
      {
        "name": "discrétion",
        "link": "/backgrounds/skills"
      },

      {
        "name": "tromperie",
        "link": "/backgrounds/skills"
      }
    ],
    "ability": "Vous avez un contact fiable et digne de confiance qui agit comme votre agent de liaison avec un réseau d’autres criminels. Vous savez comment envoyer et recevoir des messages via votre contact, même sur de grandes distances. Concrètement, vous connaissez les messagers locaux, les maîtres de caravanes corrompus et les marins miteux qui peuvent délivrer des messages pour vous."
  }
]